{"cameraMode":{"drawMode":0,"name":"Shaded","section":"Shading Mode"},"sceneLighting":true,"audioPlay":false,"sceneViewState":{"m_AlwaysRefresh":false,"showFog":true,"showSkybox":true,"showFlares":true,"showImageEffects":true,"showParticleSystems":true,"showVisualEffectGraphs":true,"m_FxEnabled":true},"in2DMode":false,"pivot":{"x":-14.702544212341309,"y":-13.451033592224121,"z":16.512048721313478},"rotation":{"x":0.25037580728530886,"y":-0.3450826406478882,"z":0.09690926969051361,"w":0.8995674252510071},"size":14.165525436401368,"orthographic":false}