{"cameraMode":{"drawMode":0,"name":"Shaded","section":"Shading Mode"},"sceneLighting":false,"audioPlay":false,"sceneViewState":{"m_AlwaysRefresh":false,"showFog":true,"showSkybox":false,"showFlares":true,"showImageEffects":true,"showParticleSystems":true,"showVisualEffectGraphs":true,"m_FxEnabled":true},"in2DMode":false,"pivot":{"x":-11.72145938873291,"y":1.3880690336227418,"z":24.678253173828126},"rotation":{"x":0.15234826505184174,"y":-0.7401558756828308,"z":0.17904168367385865,"w":0.6303147077560425},"size":2.0383388996124269,"orthographic":false}